filename,width,height,class,xmin,ymin,xmax,ymax
00100.jpg,1360,800,snow,413,507,451,541
00100.jpg,1360,800,snow,863,505,902,540
00101.jpg,1360,800,speed limit 80,835,406,891,461
00102.jpg,1360,800,give way,933,314,990,365
00102.jpg,1360,800,go left,945,374,984,415
00103.jpg,1360,800,go right or straight,855,396,890,431
00103.jpg,1360,800,priority road,847,349,897,397
00104.jpg,1360,800,construction,767,462,808,499
00104.jpg,1360,800,give way,695,461,730,492
00105.jpg,1360,800,danger,256,438,303,484
00105.jpg,1360,800,traffic signal,958,378,1024,440
00106.jpg,1360,800,construction,902,369,985,443
00107.jpg,1360,800,construction,486,485,540,537
00107.jpg,1360,800,speed limit 30,490,536,529,576
00109.jpg,1360,800,speed limit 60,990,484,1020,513
00110.jpg,1360,800,no overtaking,929,489,954,513
00111.jpg,1360,800,speed limit 60,1091,465,1123,497
00111.jpg,1360,800,speed limit 60,350,503,382,535
00112.jpg,1360,800,speed limit 60,366,473,399,508
00112.jpg,1360,800,speed limit 60,1186,475,1225,514
00113.jpg,1360,800,no overtaking (trucks),351,413,419,480
00114.jpg,1360,800,speed limit 60,1169,421,1231,484
00115.jpg,1360,800,stop,850,218,950,317
00115.jpg,1360,800,keep right,330,523,351,545
00116.jpg,1360,800,go straight,1078,254,1136,312
00116.jpg,1360,800,no entry,383,473,400,502
00117.jpg,1360,800,no entry,99,425,131,466
00117.jpg,1360,800,keep right,438,500,496,558
00118.jpg,1360,800,keep right,229,505,285,564
00119.jpg,1360,800,slippery road,847,472,873,496
00119.jpg,1360,800,priority road,1082,393,1120,431
00120.jpg,1360,800,speed limit 50,58,243,164,345
00121.jpg,1360,800,speed limit 100,91,308,185,416
00122.jpg,1360,800,speed limit 100,500,496,521,518
00122.jpg,1360,800,speed limit 100,883,498,904,520
00123.jpg,1360,800,speed limit 100,519,492,550,524
00123.jpg,1360,800,speed limit 100,1101,483,1133,516
00124.jpg,1360,800,speed limit 70,532,481,558,507
00124.jpg,1360,800,speed limit 70,976,470,1002,496
00125.jpg,1360,800,speed limit 50,1019,313,1106,401
00126.jpg,1360,800,speed limit 50,840,374,868,404
00126.jpg,1360,800,speed limit 50,379,365,411,396
00127.jpg,1360,800,speed limit 80,138,385,175,423
00127.jpg,1360,800,speed limit 80,1009,380,1046,417
00128.jpg,1360,800,priority road,1147,397,1180,431
00129.jpg,1360,800,no overtaking,962,379,1008,426
00129.jpg,1360,800,traffic signal,866,399,905,439
00130.jpg,1360,800,speed limit 30,209,426,236,453
00130.jpg,1360,800,speed limit 30,601,431,626,456
00130.jpg,1360,800,danger,318,439,345,467
00131.jpg,1360,800,no overtaking,1010,430,1034,455
00131.jpg,1360,800,speed limit 30,474,389,500,415
00132.jpg,1360,800,danger,314,306,393,377
00133.jpg,1360,800,priority road,839,408,861,432
00133.jpg,1360,800,go right or straight,841,432,858,450
00133.jpg,1360,800,go straight,505,415,522,432
00134.jpg,1360,800,speed limit 30,1008,299,1073,365
00135.jpg,1360,800,speed limit 30,718,298,777,356
00136.jpg,1360,800,priority at next intersection,816,401,857,437
00137.jpg,1360,800,priority at next intersection,824,324,892,384
00138.jpg,1360,800,no traffic both ways,157,179,235,268
00138.jpg,1360,800,no traffic both ways,1302,399,1336,432
00140.jpg,1360,800,stop,247,472,275,501
00141.jpg,1360,800,speed limit 50,857,379,894,416
00142.jpg,1360,800,speed limit 50,816,454,835,473
00143.jpg,1360,800,priority road,241,187,310,256
00144.jpg,1360,800,speed limit 70,708,445,727,464
00146.jpg,1360,800,restriction ends (overtaking),1205,122,1327,246
00146.jpg,1360,800,school crossing,707,404,732,426
00146.jpg,1360,800,speed limit 50,711,427,729,445
00147.jpg,1360,800,bend right,750,419,784,452
00148.jpg,1360,800,snow,872,353,943,416
00149.jpg,1360,800,speed limit 70,1131,274,1221,361
00149.jpg,1360,800,priority road,1110,158,1231,273
00149.jpg,1360,800,priority road,703,461,725,483
00150.jpg,1360,800,speed limit 50,824,345,865,386
00151.jpg,1360,800,speed limit 30,794,372,824,401
00152.jpg,1360,800,priority road,605,424,627,447
00153.jpg,1360,800,go straight,307,409,338,440
00154.jpg,1360,800,go straight,692,410,717,436
00155.jpg,1360,800,keep right,425,386,468,431
00156.jpg,1360,800,no overtaking,819,388,848,417
00157.jpg,1360,800,no overtaking,262,423,297,460
00157.jpg,1360,800,no overtaking,885,392,926,432
00157.jpg,1360,800,keep right,650,505,671,526
00158.jpg,1360,800,restriction ends (overtaking),907,414,933,440
00159.jpg,1360,800,keep left,974,443,1031,506
00159.jpg,1360,800,keep left,713,476,740,503
00159.jpg,1360,800,keep right,86,473,117,504
00159.jpg,1360,800,keep right,890,466,917,505
00160.jpg,1360,800,construction,610,388,653,428
00161.jpg,1360,800,go left,717,445,735,462
00162.jpg,1360,800,no entry,244,430,262,448
00162.jpg,1360,800,no entry,713,433,732,452
00162.jpg,1360,800,no entry,544,444,562,462
00163.jpg,1360,800,keep right,753,473,825,545
00164.jpg,1360,800,traffic signal,874,375,918,416
00165.jpg,1360,800,speed limit 30,382,412,399,431
00165.jpg,1360,800,priority at next intersection,689,292,745,340
00166.jpg,1360,800,speed limit 30,814,382,848,416
00167.jpg,1360,800,speed limit 50,369,446,392,469
00167.jpg,1360,800,speed limit 50,729,433,750,455
00168.jpg,1360,800,danger,693,419,719,442
00169.jpg,1360,800,speed limit 50,1089,153,1212,276
00170.jpg,1360,800,speed limit 70,912,322,944,358
00171.jpg,1360,800,speed limit 70,882,335,932,385
00171.jpg,1360,800,no overtaking,883,385,932,433
00172.jpg,1360,800,construction,712,471,740,495
00172.jpg,1360,800,speed limit 30,718,418,737,437
00173.jpg,1360,800,speed limit 30,1111,279,1161,329
00174.jpg,1360,800,school crossing,718,413,753,444
00174.jpg,1360,800,speed limit 50,723,443,747,467
00174.jpg,1360,800,priority road,801,302,860,364
00175.jpg,1360,800,no overtaking,893,341,944,396
00176.jpg,1360,800,speed limit 50,850,414,875,440
00177.jpg,1360,800,stop,271,416,313,458
00177.jpg,1360,800,stop,746,423,785,462
00177.jpg,1360,800,keep right,502,451,519,468
00177.jpg,1360,800,give way,1271,402,1308,437
00178.jpg,1360,800,speed limit 50,728,456,748,476
00179.jpg,1360,800,priority road,686,421,707,440
00180.jpg,1360,800,speed limit 50,968,384,1004,421
00181.jpg,1360,800,speed limit 70,793,299,853,359
00182.jpg,1360,800,speed limit 50,656,412,685,441
00182.jpg,1360,800,restriction ends (overtaking),658,385,686,414
00183.jpg,1360,800,bend left,766,369,806,406
00184.jpg,1360,800,speed limit 30,790,273,850,334
00185.jpg,1360,800,speed limit 50,967,150,1076,257
00186.jpg,1360,800,speed limit 70,603,455,621,474
00186.jpg,1360,800,speed limit 70,325,428,345,448
00186.jpg,1360,800,priority road,602,433,625,456
00187.jpg,1360,800,speed limit 50,675,405,709,439
00187.jpg,1360,800,speed limit 50,161,393,194,428
00188.jpg,1360,800,priority at next intersection,705,379,752,422
00189.jpg,1360,800,danger,853,339,917,394
00190.jpg,1360,800,go straight,670,400,689,421
00191.jpg,1360,800,priority at next intersection,693,406,728,439
00192.jpg,1360,800,no entry,492,414,516,437
00192.jpg,1360,800,speed limit 30,314,440,334,461
00192.jpg,1360,800,priority road,662,262,738,339
00193.jpg,1360,800,stop,727,224,834,331
00194.jpg,1360,800,school crossing,718,306,787,369
00195.jpg,1360,800,priority at next intersection,1040,155,1161,268
00195.jpg,1360,800,danger,784,398,820,430
00196.jpg,1360,800,give way,726,316,787,370
00196.jpg,1360,800,go right,734,370,778,416
00196.jpg,1360,800,keep right,534,471,558,496
00197.jpg,1360,800,priority at next intersection,867,278,956,361
00198.jpg,1360,800,go right or straight,681,438,699,456
00198.jpg,1360,800,stop,678,412,702,435
00199.jpg,1360,800,priority at next intersection,826,322,882,374
00200.jpg,1360,800,stop,840,287,915,364
00200.jpg,1360,800,go left,849,364,901,416
00200.jpg,1360,800,no entry,648,410,670,433
00200.jpg,1360,800,no entry,257,403,281,428
00201.jpg,1360,800,give way,762,352,812,397
00202.jpg,1360,800,stop,657,319,702,365
00202.jpg,1360,800,stop,56,315,104,363
00203.jpg,1360,800,speed limit 20,758,375,784,400
00204.jpg,1360,800,speed limit 30,858,151,946,242
00204.jpg,1360,800,go left,730,260,783,316
00205.jpg,1360,800,construction,1202,332,1326,449
00206.jpg,1360,800,go left,61,105,135,178
00206.jpg,1360,800,go right,1159,197,1224,261
00206.jpg,1360,800,keep right,827,471,847,493
00206.jpg,1360,800,give way,55,8,164,103
00206.jpg,1360,800,give way,1144,118,1235,196
00207.jpg,1360,800,construction,870,313,942,378
00208.jpg,1360,800,danger,638,239,732,319
00209.jpg,1360,800,go right,1110,287,1170,348
00209.jpg,1360,800,give way,1097,210,1184,287
00210.jpg,1360,800,go straight,1017,418,1038,443
00210.jpg,1360,800,priority road,1011,385,1043,418
00211.jpg,1360,800,priority at next intersection,667,410,705,445
00212.jpg,1360,800,go left,293,427,315,450
00212.jpg,1360,800,priority road,721,381,749,408
00212.jpg,1360,800,go right,756,402,782,430
00214.jpg,1360,800,stop,1185,130,1295,236
00214.jpg,1360,800,go right,1214,241,1288,312
00215.jpg,1360,800,keep left,784,480,804,500
00216.jpg,1360,800,speed limit 80,312,442,337,467
00216.jpg,1360,800,speed limit 80,886,446,911,472
00217.jpg,1360,800,speed limit 30,971,267,1031,328
00218.jpg,1360,800,go right,808,437,827,456
00219.jpg,1360,800,give way,1080,270,1155,340
00219.jpg,1360,800,go right,1089,345,1144,401
00220.jpg,1360,800,speed limit 30,1127,285,1168,326
00221.jpg,1360,800,traffic signal,988,420,1042,470
00222.jpg,1360,800,speed limit 30,985,354,1022,390
00223.jpg,1360,800,speed limit 30,816,334,858,374
00224.jpg,1360,800,school crossing,932,188,1024,278
00224.jpg,1360,800,speed limit 30,923,276,977,341
00224.jpg,1360,800,no overtaking,977,263,1042,333
00225.jpg,1360,800,speed limit 30,856,268,924,334
00226.jpg,1360,800,speed limit 30,1152,224,1220,290
00227.jpg,1360,800,danger,1228,259,1306,329
00228.jpg,1360,800,speed limit 30,937,295,998,356
00229.jpg,1360,800,school crossing,1282,339,1332,383
00229.jpg,1360,800,speed limit 30,1273,384,1305,417
00229.jpg,1360,800,no overtaking,1305,382,1341,414
00230.jpg,1360,800,speed limit 30,974,398,1002,426
00230.jpg,1360,800,school crossing,968,426,1007,463
00231.jpg,1360,800,speed limit 30,1146,362,1183,399
00232.jpg,1360,800,keep right,589,495,617,524
00232.jpg,1360,800,give way,868,379,910,419
00232.jpg,1360,800,give way,297,420,340,459
00233.jpg,1360,800,keep right,325,485,358,517
00234.jpg,1360,800,speed limit 30,1051,275,1115,338
00236.jpg,1360,800,stop,1081,274,1199,402
00237.jpg,1360,800,stop,822,361,854,393
00237.jpg,1360,800,stop,290,389,323,422
00238.jpg,1360,800,danger,842,400,881,435
00238.jpg,1360,800,speed limit 30,849,443,877,471
00239.jpg,1360,800,danger,788,411,814,436
00239.jpg,1360,800,speed limit 30,792,439,812,458
00239.jpg,1360,800,priority road,827,412,855,441
00240.jpg,1360,800,speed limit 30,847,364,879,396
00241.jpg,1360,800,speed limit 50,838,400,880,442
00242.jpg,1360,800,no traffic both ways,848,388,870,413
00242.jpg,1360,800,give way,1195,267,1302,366
00243.jpg,1360,800,speed limit 50,843,447,867,470
00244.jpg,1360,800,no overtaking (trucks),491,390,530,429
00244.jpg,1360,800,no overtaking (trucks),1238,349,1282,394
00245.jpg,1360,800,no overtaking (trucks),477,442,499,464
00245.jpg,1360,800,no overtaking (trucks),851,438,874,461
00246.jpg,1360,800,no overtaking (trucks),311,381,354,425
00246.jpg,1360,800,no overtaking (trucks),1091,354,1134,396
00247.jpg,1360,800,speed limit 80,471,453,492,474
00247.jpg,1360,800,speed limit 80,856,448,877,469
00248.jpg,1360,800,speed limit 80,204,452,229,479
00248.jpg,1360,800,speed limit 80,843,429,870,456
00249.jpg,1360,800,speed limit 50,1212,419,1244,452
00250.jpg,1360,800,keep right,100,423,168,495
00250.jpg,1360,800,speed limit 50,907,446,932,471
00251.jpg,1360,800,keep right,116,425,208,520
00252.jpg,1360,800,no overtaking,915,389,960,434
00252.jpg,1360,800,speed limit 30,910,326,956,372
00253.jpg,1360,800,no overtaking,1186,134,1301,244
00254.jpg,1360,800,speed limit 50,1172,270,1237,336
00254.jpg,1360,800,slippery road,1264,368,1295,398
00255.jpg,1360,800,keep right,183,503,260,581
00256.jpg,1360,800,danger,1105,42,1232,153
00257.jpg,1360,800,construction,1237,334,1295,387
00257.jpg,1360,800,construction,1079,388,1119,423
00258.jpg,1360,800,priority at next intersection,745,469,777,501
00258.jpg,1360,800,priority at next intersection,346,490,381,522
00259.jpg,1360,800,speed limit 30,1202,329,1247,374
00260.jpg,1360,800,speed limit 20,720,266,784,330
00261.jpg,1360,800,go straight,1150,250,1208,311
00262.jpg,1360,800,go right or straight,894,282,953,341
00262.jpg,1360,800,priority road,1042,37,1146,139
00263.jpg,1360,800,speed limit 50,646,417,666,437
00264.jpg,1360,800,speed limit 70,964,412,988,435
00264.jpg,1360,800,no overtaking,965,435,988,458
00264.jpg,1360,800,no overtaking,509,466,531,488
00265.jpg,1360,800,road narrows,800,426,831,456
00265.jpg,1360,800,danger,783,446,804,464
00265.jpg,1360,800,speed limit 30,805,458,827,480
00266.jpg,1360,800,danger,242,450,293,501
00267.jpg,1360,800,go right or straight,834,380,856,402
00267.jpg,1360,800,priority road,859,387,886,414
00268.jpg,1360,800,speed limit 50,891,396,917,422
00269.jpg,1360,800,no overtaking,966,430,990,454
00270.jpg,1360,800,restriction ends (overtaking),1238,331,1291,385
00270.jpg,1360,800,speed limit 50,243,335,293,386
00270.jpg,1360,800,speed limit 50,1237,279,1291,332
00271.jpg,1360,800,speed limit 50,259,369,297,408
00271.jpg,1360,800,speed limit 50,1090,341,1130,381
00272.jpg,1360,800,danger,1223,315,1297,385
00272.jpg,1360,800,danger,310,398,377,461
00273.jpg,1360,800,cycles crossing,1080,286,1145,343
00274.jpg,1360,800,speed limit 20,975,395,1011,430
00275.jpg,1360,800,go right,1196,342,1237,384
00275.jpg,1360,800,go right,206,410,238,445
00276.jpg,1360,800,cycles crossing,798,346,845,388
00276.jpg,1360,800,keep right,109,464,153,517
00277.jpg,1360,800,no trucks,1048,399,1071,422
00278.jpg,1360,800,roundabout,922,389,951,419
00278.jpg,1360,800,give way,915,354,955,390
00279.jpg,1360,800,keep right,617,484,673,540
00280.jpg,1360,800,speed limit 50,1054,392,1083,422
00280.jpg,1360,800,priority road,1131,357,1182,408
00281.jpg,1360,800,animals,982,363,1016,393
00281.jpg,1360,800,speed limit 50,984,392,1017,425
00282.jpg,1360,800,cycles crossing,869,414,901,444
00283.jpg,1360,800,speed limit 70,1177,114,1284,219
00284.jpg,1360,800,priority road,980,269,1059,347
00284.jpg,1360,800,speed limit 50,993,347,1051,404
00285.jpg,1360,800,stop,1091,304,1146,359
00286.jpg,1360,800,stop,1015,360,1044,389
00287.jpg,1360,800,speed limit 50,1113,370,1154,411
00288.jpg,1360,800,speed limit 80,413,456,436,479
00288.jpg,1360,800,speed limit 80,983,438,1006,462
00289.jpg,1360,800,restriction ends 80,285,401,326,444
00289.jpg,1360,800,restriction ends 80,1282,379,1326,424
00290.jpg,1360,800,speed limit 80,1294,391,1326,428
00291.jpg,1360,800,speed limit 60,1129,384,1165,422
00292.jpg,1360,800,peed limit 120,982,422,1011,451
00292.jpg,1360,800,peed limit 120,315,447,345,476
00293.jpg,1360,800,speed limit 100,28,410,70,456
00293.jpg,1360,800,speed limit 100,1143,365,1193,415
00294.jpg,1360,800,uneven road,101,405,153,453
00294.jpg,1360,800,uneven road,1173,326,1231,381
00295.jpg,1360,800,restriction ends 80,1227,364,1272,411
00295.jpg,1360,800,restriction ends 80,98,417,142,463
00296.jpg,1360,800,speed limit 100,460,409,492,442
00296.jpg,1360,800,speed limit 100,1237,385,1269,417
00297.jpg,1360,800,traffic signal,1015,444,1042,468
00297.jpg,1360,800,traffic signal,593,443,620,466
00298.jpg,1360,800,uneven road,1220,168,1327,264
00298.jpg,1360,800,speed limit 50,1238,256,1314,331
00298.jpg,1360,800,priority at next intersection,69,445,107,475
00299.jpg,1360,800,restriction ends (overtaking (trucks)),1245,247,1304,306
00300.jpg,1360,800,construction,680,430,710,458
00300.jpg,1360,800,speed limit 50,779,420,801,443
00301.jpg,1360,800,uneven road,1062,260,1131,324
00301.jpg,1360,800,speed limit 50,1075,318,1125,368
00302.jpg,1360,800,restriction ends (overtaking (trucks)),1123,333,1163,373
00303.jpg,1360,800,speed limit 50,1186,385,1215,414
00304.jpg,1360,800,go straight,504,385,553,434
00305.jpg,1360,800,priority at next intersection,765,368,827,422
00305.jpg,1360,800,danger,549,348,597,393
00306.jpg,1360,800,bend right,1047,420,1084,455
00306.jpg,1360,800,bend right,353,471,389,505
00307.jpg,1360,800,no entry,457,474,488,505
00307.jpg,1360,800,no entry,795,454,827,487
00307.jpg,1360,800,uneven road,892,417,934,457
00307.jpg,1360,800,keep right,829,453,862,486
00309.jpg,1360,800,speed limit 100,180,388,220,431
00309.jpg,1360,800,speed limit 100,1159,353,1203,398
00310.jpg,1360,800,restriction ends (overtaking (trucks)),285,426,317,459
00310.jpg,1360,800,restriction ends (overtaking (trucks)),1150,390,1188,427
00311.jpg,1360,800,peed limit 120,616,424,650,458
00311.jpg,1360,800,peed limit 120,1295,391,1329,425
00312.jpg,1360,800,speed limit 80,122,267,225,379
00312.jpg,1360,800,uneven road,1226,411,1249,433
00312.jpg,1360,800,uneven road,677,434,699,453
00313.jpg,1360,800,restriction ends 80,369,414,424,470
00314.jpg,1360,800,speed limit 80,1213,398,1247,434
00314.jpg,1360,800,speed limit 80,396,451,429,485
00315.jpg,1360,800,restriction ends 80,1267,373,1310,419
00315.jpg,1360,800,restriction ends 80,172,414,213,462
00316.jpg,1360,800,bend right,693,413,719,437
00316.jpg,1360,800,speed limit 60,696,436,719,458
00316.jpg,1360,800,bend right,994,395,1022,420
00316.jpg,1360,800,speed limit 60,995,421,1020,445
00317.jpg,1360,800,restriction ends,1122,378,1166,421
00318.jpg,1360,800,no traffic both ways,631,451,657,477
00318.jpg,1360,800,keep right,779,481,800,502
00319.jpg,1360,800,speed limit 60,1201,403,1248,450
00319.jpg,1360,800,speed limit 60,569,436,612,481
00320.jpg,1360,800,restriction ends,175,438,202,466
00320.jpg,1360,800,restriction ends,921,403,951,434
00322.jpg,1360,800,speed limit 80,1166,327,1209,370
00322.jpg,1360,800,speed limit 80,338,406,381,449
00323.jpg,1360,800,no overtaking (trucks),398,437,425,464
00323.jpg,1360,800,no overtaking (trucks),854,438,881,466
00330.jpg,1360,800,speed limit 50,1050,313,1116,381
00333.jpg,1360,800,stop,116,414,176,477
00333.jpg,1360,800,stop,753,387,808,445
00334.jpg,1360,800,no traffic both ways,323,452,369,498
00334.jpg,1360,800,speed limit 50,760,435,797,472
00337.jpg,1360,800,priority road,901,408,932,438
00338.jpg,1360,800,traffic signal,504,397,538,427
00338.jpg,1360,800,speed limit 50,505,425,536,453
00338.jpg,1360,800,traffic signal,998,397,1031,426
00338.jpg,1360,800,speed limit 50,1000,426,1029,453
00339.jpg,1360,800,speed limit 30,627,442,660,476
00339.jpg,1360,800,priority road,969,414,1021,463
00340.jpg,1360,800,stop,827,543,851,567
00340.jpg,1360,800,go right,827,521,852,546
00340.jpg,1360,800,stop,827,543,851,567
00341.jpg,1360,800,give way,923,465,997,533
00343.jpg,1360,800,no traffic both ways,802,531,829,558
00343.jpg,1360,800,no traffic both ways,483,507,512,536
00344.jpg,1360,800,priority road,799,413,879,494
00346.jpg,1360,800,speed limit 80,291,541,321,571
00346.jpg,1360,800,speed limit 80,883,542,911,570
00347.jpg,1360,800,snow,913,545,970,597
00348.jpg,1360,800,speed limit 80,952,524,990,562
00349.jpg,1360,800,no overtaking (trucks),53,455,114,514
00349.jpg,1360,800,no overtaking (trucks),1244,465,1312,534
00350.jpg,1360,800,no overtaking (trucks),475,543,508,576
00350.jpg,1360,800,no overtaking (trucks),1092,542,1125,573
00351.jpg,1360,800,speed limit 80,511,533,538,560
00352.jpg,1360,800,restriction ends 80,969,549,996,576
00352.jpg,1360,800,restriction ends 80,528,553,555,580
00353.jpg,1360,800,no overtaking (trucks),836,554,860,578
00353.jpg,1360,800,no overtaking (trucks),456,559,477,581
00355.jpg,1360,800,no overtaking (trucks),474,537,507,570
00356.jpg,1360,800,snow,946,520,1004,573
00356.jpg,1360,800,snow,249,499,310,555
00357.jpg,1360,800,no overtaking (trucks),1095,524,1130,560
00357.jpg,1360,800,no overtaking (trucks),463,528,500,565
00358.jpg,1360,800,peed limit 120,316,490,374,549
00359.jpg,1360,800,peed limit 120,879,559,903,583
00359.jpg,1360,800,peed limit 120,467,560,492,585
00360.jpg,1360,800,peed limit 120,1032,484,1076,528
00360.jpg,1360,800,peed limit 120,253,502,296,545
00362.jpg,1360,800,snow,252,470,370,574
00363.jpg,1360,800,peed limit 120,407,483,450,526
00363.jpg,1360,800,no overtaking (trucks),409,525,453,568
00366.jpg,1360,800,peed limit 120,517,530,540,553
00366.jpg,1360,800,no overtaking (trucks),518,553,541,576
00366.jpg,1360,800,peed limit 120,988,550,1014,573
00366.jpg,1360,800,no overtaking (trucks),988,574,1015,597
00367.jpg,1360,800,peed limit 120,1028,501,1068,541
00367.jpg,1360,800,no overtaking (trucks),1028,542,1071,583
00367.jpg,1360,800,peed limit 120,230,488,274,530
00367.jpg,1360,800,no overtaking (trucks),235,533,276,573
00368.jpg,1360,800,peed limit 120,382,460,431,510
00368.jpg,1360,800,no overtaking (trucks),378,509,431,561
00369.jpg,1360,800,peed limit 120,521,544,542,564
00369.jpg,1360,800,no overtaking (trucks),520,564,543,585
00369.jpg,1360,800,peed limit 120,874,532,895,551
00369.jpg,1360,800,no overtaking (trucks),875,550,896,571
00370.jpg,1360,800,peed limit 120,880,536,904,559
00370.jpg,1360,800,no overtaking (trucks),880,558,907,584
00370.jpg,1360,800,peed limit 120,440,531,467,554
00370.jpg,1360,800,no overtaking (trucks),442,553,468,578
00371.jpg,1360,800,speed limit 80,316,521,372,577
00372.jpg,1360,800,speed limit 70,974,486,1017,529
00373.jpg,1360,800,speed limit 70,164,517,195,548
00373.jpg,1360,800,speed limit 70,819,511,853,545
00374.jpg,1360,800,give way,999,527,1031,560
00374.jpg,1360,800,priority road,671,563,696,589
00375.jpg,1360,800,give way,1229,521,1255,545
00376.jpg,1360,800,restriction ends 80,266,487,309,530
00376.jpg,1360,800,restriction ends 80,989,510,1031,552
00377.jpg,1360,800,peed limit 120,1133,504,1172,543
00377.jpg,1360,800,peed limit 120,239,490,278,531
00377.jpg,1360,800,no overtaking (trucks),1133,543,1172,582
00377.jpg,1360,800,no overtaking (trucks),236,532,277,573
00378.jpg,1360,800,no overtaking (trucks),23,362,142,480
00378.jpg,1360,800,peed limit 120,22,242,145,362
00379.jpg,1360,800,peed limit 120,186,458,232,504
00379.jpg,1360,800,no overtaking (trucks),1064,488,1112,536
00379.jpg,1360,800,no overtaking (trucks),185,503,232,550
00379.jpg,1360,800,peed limit 120,1062,442,1109,489
00380.jpg,1360,800,no overtaking (trucks),551,559,575,583
00380.jpg,1360,800,no overtaking (trucks),953,564,976,587
00380.jpg,1360,800,peed limit 120,952,540,975,563
00380.jpg,1360,800,peed limit 120,551,535,575,559
00382.jpg,1360,800,peed limit 120,445,490,485,530
00382.jpg,1360,800,no overtaking (trucks),446,529,485,568
00382.jpg,1360,800,peed limit 120,1209,496,1248,535
00382.jpg,1360,800,no overtaking (trucks),1211,533,1250,572
00383.jpg,1360,800,snow,527,546,561,575
00383.jpg,1360,800,snow,988,542,1021,571
00384.jpg,1360,800,peed limit 120,1199,416,1263,480
00384.jpg,1360,800,no overtaking (trucks),1202,479,1267,544
00385.jpg,1360,800,peed limit 120,977,529,1016,568
00385.jpg,1360,800,peed limit 120,267,531,307,571
00386.jpg,1360,800,no overtaking (trucks),555,561,580,586
00386.jpg,1360,800,no overtaking (trucks),977,550,1000,573
00387.jpg,1360,800,snow,411,499,477,563
00387.jpg,1360,800,snow,1185,484,1251,547
00388.jpg,1360,800,give way,1274,497,1346,561
00390.jpg,1360,800,peed limit 120,455,502,503,550
00390.jpg,1360,800,peed limit 120,1219,494,1265,541
00391.jpg,1360,800,restriction ends 80,1260,502,1304,551
00391.jpg,1360,800,restriction ends 80,198,508,247,558
00392.jpg,1360,800,speed limit 100,358,443,423,512
00393.jpg,1360,800,slippery road,278,484,373,571
00395.jpg,1360,800,restriction ends 80,201,519,241,561
00395.jpg,1360,800,restriction ends 80,903,519,938,555
00396.jpg,1360,800,speed limit 100,192,484,238,531
00396.jpg,1360,800,speed limit 100,998,468,1046,516
00397.jpg,1360,800,no overtaking (trucks),949,559,983,593
00397.jpg,1360,800,speed limit 70,947,524,982,559
00398.jpg,1360,800,traffic signal,769,517,796,540
00398.jpg,1360,800,speed limit 70,771,538,795,560
00398.jpg,1360,800,no overtaking (trucks),772,558,796,582
00400.jpg,1360,800,traffic signal,1236,480,1290,528
00401.jpg,1360,800,speed limit 70,420,496,461,537
00401.jpg,1360,800,speed limit 70,1122,497,1163,538
00402.jpg,1360,800,restriction ends (overtaking (trucks)),1094,500,1132,538
00403.jpg,1360,800,restriction ends (overtaking (trucks)),568,563,591,587
00403.jpg,1360,800,restriction ends (overtaking (trucks)),940,558,966,584
00403.jpg,1360,800,speed limit 70,568,540,592,564
00403.jpg,1360,800,speed limit 70,939,532,965,559
00404.jpg,1360,800,speed limit 70,335,415,396,476
00404.jpg,1360,800,speed limit 70,1255,415,1312,472
00405.jpg,1360,800,speed limit 70,1255,470,1309,525
00405.jpg,1360,800,speed limit 70,355,444,411,499
00405.jpg,1360,800,priority road,1249,397,1317,470
00406.jpg,1360,800,danger,520,554,551,581
00406.jpg,1360,800,danger,852,544,879,570
00406.jpg,1360,800,snow,1046,503,1097,551
00406.jpg,1360,800,snow,284,514,333,559
00408.jpg,1360,800,danger,128,463,212,539
00408.jpg,1360,800,danger,1132,479,1210,549
00410.jpg,1360,800,keep right,367,615,423,671
00411.jpg,1360,800,keep right,185,602,238,662
00411.jpg,1360,800,no entry,110,557,139,588
00411.jpg,1360,800,no entry,496,552,529,587
00412.jpg,1360,800,speed limit 100,1002,499,1047,545
00413.jpg,1360,800,speed limit 60,1038,480,1084,529
00414.jpg,1360,800,speed limit 60,1032,421,1078,468
00415.jpg,1360,800,no overtaking,827,549,849,571
00416.jpg,1360,800,speed limit 60,813,505,851,543
00417.jpg,1360,800,danger,29,448,129,539
00418.jpg,1360,800,uneven road,455,537,488,566
00418.jpg,1360,800,peed limit 120,460,563,482,585
00419.jpg,1360,800,speed limit 100,979,489,1025,537
00420.jpg,1360,800,speed limit 60,828,542,851,565
00420.jpg,1360,800,speed limit 60,361,548,383,570
00421.jpg,1360,800,give way,946,554,976,581
00422.jpg,1360,800,slippery road,599,567,624,591
00423.jpg,1360,800,construction,365,469,451,547
00423.jpg,1360,800,construction,1151,445,1245,533
00425.jpg,1360,800,speed limit 80,302,503,342,543
00425.jpg,1360,800,speed limit 80,900,500,941,541
00425.jpg,1360,800,no overtaking (trucks),302,543,342,583
00425.jpg,1360,800,no overtaking (trucks),903,541,944,582
00426.jpg,1360,800,construction,1077,391,1197,502
00427.jpg,1360,800,speed limit 80,294,383,388,479
00428.jpg,1360,800,speed limit 100,325,548,353,576
00428.jpg,1360,800,speed limit 100,937,543,966,572
00430.jpg,1360,800,give way,929,414,1008,488
00431.jpg,1360,800,peed limit 120,275,527,314,564
00431.jpg,1360,800,peed limit 120,1141,496,1179,536
00432.jpg,1360,800,peed limit 120,237,560,263,586
00432.jpg,1360,800,peed limit 120,942,512,970,540
00433.jpg,1360,800,construction,510,529,566,583
00434.jpg,1360,800,speed limit 80,167,194,257,286
00435.jpg,1360,800,no overtaking,834,535,862,564
00436.jpg,1360,800,speed limit 80,794,531,816,553
00438.jpg,1360,800,restriction ends (overtaking),533,559,554,580
00438.jpg,1360,800,restriction ends (overtaking),841,556,862,577
00439.jpg,1360,800,peed limit 120,1194,504,1251,564
00440.jpg,1360,800,slippery road,1243,492,1324,562
00441.jpg,1360,800,peed limit 120,1063,531,1112,580
00443.jpg,1360,800,danger,817,550,847,578
00443.jpg,1360,800,peed limit 120,823,579,843,598
00443.jpg,1360,800,danger,470,551,502,578
00443.jpg,1360,800,peed limit 120,477,578,497,596
00444.jpg,1360,800,bend right,379,528,427,573
00444.jpg,1360,800,bend right,964,531,1009,573
00444.jpg,1360,800,speed limit 100,389,569,419,600
00444.jpg,1360,800,speed limit 100,972,572,1001,601
00445.jpg,1360,800,speed limit 80,1021,498,1066,544
00445.jpg,1360,800,speed limit 80,213,519,254,561
00446.jpg,1360,800,no entry,401,507,441,544
00446.jpg,1360,800,no entry,767,497,803,530
00446.jpg,1360,800,keep right,774,568,807,601
00447.jpg,1360,800,give way,1182,418,1268,495
00448.jpg,1360,800,keep right,581,598,602,620
00449.jpg,1360,800,give way,212,468,254,507
00449.jpg,1360,800,give way,812,448,853,486
00450.jpg,1360,800,priority at next intersection,1104,359,1181,429
00451.jpg,1360,800,priority at next intersection,790,558,819,585
00452.jpg,1360,800,construction,876,543,914,578
00453.jpg,1360,800,school crossing,1215,332,1302,407
00453.jpg,1360,800,priority at next intersection,895,497,922,524
00453.jpg,1360,800,school crossing,224,407,279,457
00455.jpg,1360,800,priority at next intersection,1094,362,1184,442
00456.jpg,1360,800,speed limit 60,421,414,476,470
00457.jpg,1360,800,speed limit 50,1243,418,1301,475
00457.jpg,1360,800,speed limit 50,517,466,554,504
00458.jpg,1360,800,priority road,989,493,1018,525
00459.jpg,1360,800,construction,877,515,912,548
00459.jpg,1360,800,speed limit 30,884,548,909,573
00460.jpg,1360,800,priority road,829,456,859,484
00460.jpg,1360,800,go right,831,481,862,512
00461.jpg,1360,800,priority road,1231,264,1302,331
00463.jpg,1360,800,keep right,555,628,585,659
00465.jpg,1360,800,give way,1241,315,1331,395
00466.jpg,1360,800,give way,1215,399,1267,443
00466.jpg,1360,800,give way,514,468,548,497
00466.jpg,1360,800,go straight,1226,440,1263,475
00466.jpg,1360,800,go left,519,494,543,518
00467.jpg,1360,800,speed limit 60,1132,501,1168,537
00468.jpg,1360,800,speed limit 60,1128,506,1165,544
00470.jpg,1360,800,speed limit 30,823,489,847,513
00470.jpg,1360,800,give way,904,514,938,549
00470.jpg,1360,800,priority road,1135,218,1248,331
00471.jpg,1360,800,priority road,789,491,817,520
00472.jpg,1360,800,priority road,880,500,925,544
00473.jpg,1360,800,no overtaking (trucks),507,532,540,565
00473.jpg,1360,800,no overtaking (trucks),1152,506,1184,538
00474.jpg,1360,800,speed limit 100,1242,549,1274,581
00474.jpg,1360,800,speed limit 100,514,569,545,600
00475.jpg,1360,800,speed limit 100,1233,468,1310,543
00476.jpg,1360,800,speed limit 100,163,518,199,555
00476.jpg,1360,800,speed limit 100,1152,523,1187,558
00477.jpg,1360,800,speed limit 80,298,506,338,546
00478.jpg,1360,800,speed limit 80,921,470,963,512
00478.jpg,1360,800,speed limit 80,218,483,258,523
00479.jpg,1360,800,give way,982,498,1025,539
00479.jpg,1360,800,roundabout,990,539,1020,569
00480.jpg,1360,800,speed limit 50,1055,444,1103,492
00481.jpg,1360,800,danger,908,502,944,535
00482.jpg,1360,800,priority road,732,526,768,564
00482.jpg,1360,800,no entry,260,528,296,570
00482.jpg,1360,800,no entry,283,564,303,590
00482.jpg,1360,800,give way,1055,566,1071,587
00483.jpg,1360,800,speed limit 100,150,510,203,563
00483.jpg,1360,800,speed limit 100,1182,531,1232,583
00484.jpg,1360,800,no trucks,339,509,372,542
00484.jpg,1360,800,no trucks,1002,529,1035,563
00485.jpg,1360,800,no trucks,203,377,278,454
00486.jpg,1360,800,speed limit 100,410,519,465,574
00487.jpg,1360,800,keep right,625,606,644,625
00488.jpg,1360,800,keep right,494,611,516,633
00490.jpg,1360,800,give way,842,516,870,539
00490.jpg,1360,800,keep right,644,596,668,620
00490.jpg,1360,800,roundabout,847,536,867,556
00491.jpg,1360,800,keep right,430,568,488,637
00492.jpg,1360,800,priority at next intersection,893,528,923,557
00493.jpg,1360,800,danger,910,450,966,501
00494.jpg,1360,800,speed limit 30,1113,300,1211,395
00496.jpg,1360,800,peed limit 120,511,494,552,536
00496.jpg,1360,800,no overtaking (trucks),509,535,550,576
00497.jpg,1360,800,keep right,392,611,425,651
00498.jpg,1360,800,keep right,249,586,298,634
00498.jpg,1360,800,no entry,248,482,292,526
00499.jpg,1360,800,give way,1009,497,1056,539
00500.jpg,1360,800,speed limit 80,952,499,1000,546
00501.jpg,1360,800,speed limit 70,943,557,962,577
00501.jpg,1360,800,speed limit 70,610,558,628,577
00501.jpg,1360,800,no entry,120,282,227,386
00501.jpg,1360,800,keep right,107,637,216,748
00502.jpg,1360,800,no entry,57,556,85,584
00502.jpg,1360,800,no entry,579,555,606,582
00502.jpg,1360,800,keep right,558,577,592,611
00503.jpg,1360,800,keep right,354,579,423,650
00504.jpg,1360,800,keep right,379,595,410,627
00505.jpg,1360,800,priority road,1052,480,1092,521
00507.jpg,1360,800,priority at next intersection,878,473,933,524
00507.jpg,1360,800,keep right,657,587,673,605
00508.jpg,1360,800,priority at next intersection,865,495,908,534
00509.jpg,1360,800,priority at next intersection,833,487,877,527
00512.jpg,1360,800,speed limit 80,230,486,270,522
00512.jpg,1360,800,speed limit 80,1139,490,1179,530
00513.jpg,1360,800,speed limit 100,142,501,197,556
00514.jpg,1360,800,no overtaking (trucks),381,511,418,548
00514.jpg,1360,800,no overtaking (trucks),1168,491,1206,530
00515.jpg,1360,800,speed limit 60,257,361,333,435
00516.jpg,1360,800,go left,240,275,298,333
00517.jpg,1360,800,no overtaking (trucks),271,422,345,496
00518.jpg,1360,800,speed limit 100,451,526,499,574
00519.jpg,1360,800,speed limit 100,454,531,507,584
00520.jpg,1360,800,no overtaking (trucks),380,507,436,565
00521.jpg,1360,800,speed limit 100,377,574,405,604
00521.jpg,1360,800,speed limit 100,946,565,976,595
00523.jpg,1360,800,no overtaking (trucks),1285,512,1330,555
00523.jpg,1360,800,no overtaking (trucks),455,515,502,562
00524.jpg,1360,800,speed limit 100,187,530,241,584
00524.jpg,1360,800,speed limit 100,1219,528,1271,580
00527.jpg,1360,800,no overtaking (trucks),874,426,904,456
00527.jpg,1360,800,no overtaking (trucks),359,420,389,450
00528.jpg,1360,800,speed limit 100,985,339,1026,380
00528.jpg,1360,800,speed limit 100,166,415,205,455
00530.jpg,1360,800,no overtaking (trucks),425,401,460,435
00530.jpg,1360,800,no overtaking (trucks),1010,401,1043,434
00531.jpg,1360,800,no overtaking (trucks),484,443,504,463
00531.jpg,1360,800,no overtaking (trucks),909,431,931,453
00536.jpg,1360,800,no entry,27,428,57,458
00536.jpg,1360,800,no entry,327,452,353,478
00536.jpg,1360,800,keep right,724,479,740,495
00542.jpg,1360,800,priority road,842,440,866,464
00544.jpg,1360,800,priority at next intersection,1054,297,1122,358
00544.jpg,1360,800,construction,990,425,1028,459
00544.jpg,1360,800,speed limit 30,744,438,762,458
00545.jpg,1360,800,no traffic both ways,213,435,247,474
00548.jpg,1360,800,stop,775,432,811,468
00548.jpg,1360,800,go right or straight,782,469,807,494
00551.jpg,1360,800,no trucks,937,465,966,493
00552.jpg,1360,800,peed limit 120,537,512,554,529
00552.jpg,1360,800,no overtaking (trucks),538,528,554,544
00552.jpg,1360,800,peed limit 120,814,508,832,526
00552.jpg,1360,800,no overtaking (trucks),815,525,831,541
00554.jpg,1360,800,danger,947,472,984,507
00556.jpg,1360,800,keep right,1195,499,1253,557
00557.jpg,1360,800,slippery road,273,462,317,502
00557.jpg,1360,800,give way,458,461,506,508
00560.jpg,1360,800,speed limit 60,1039,173,1099,233
00564.jpg,1360,800,priority at next intersection,755,368,799,408
00565.jpg,1360,800,priority road,731,336,764,370
00566.jpg,1360,800,no overtaking,655,395,689,429
00566.jpg,1360,800,no overtaking,124,419,156,451
00566.jpg,1360,800,keep right,461,489,481,508
00567.jpg,1360,800,uneven road,1050,409,1109,460
00570.jpg,1360,800,no overtaking,881,416,914,449
00571.jpg,1360,800,no entry,1287,361,1308,384
00575.jpg,1360,800,keep right,403,474,435,506
00593.jpg,1360,800,keep right,584,510,608,534
00599.jpg,1360,800,no overtaking,700,454,722,476
00601.jpg,1360,800,speed limit 100,82,450,145,508
00602.jpg,1360,800,peed limit 120,1268,555,1299,586
00602.jpg,1360,800,peed limit 120,443,543,474,574
00603.jpg,1360,800,no overtaking (trucks),361,445,417,500
00604.jpg,1360,800,snow,365,482,437,546
00605.jpg,1360,800,speed limit 70,167,511,206,550
00605.jpg,1360,800,speed limit 70,846,501,881,535
00606.jpg,1360,800,restriction ends (overtaking (trucks)),853,501,887,535
00607.jpg,1360,800,road narrows,888,472,950,526
00608.jpg,1360,800,priority road,948,370,1001,420
00609.jpg,1360,800,speed limit 70,809,507,841,539
00609.jpg,1360,800,speed limit 70,310,512,343,546
00610.jpg,1360,800,priority road,912,525,939,553
00610.jpg,1360,800,speed limit 70,917,553,938,574
00611.jpg,1360,800,speed limit 70,839,488,872,521
00611.jpg,1360,800,no overtaking (trucks),840,520,873,552
00612.jpg,1360,800,keep right,127,521,218,612
00612.jpg,1360,800,no entry,170,374,246,451
00613.jpg,1360,800,speed limit 80,1132,561,1169,598
00613.jpg,1360,800,speed limit 80,478,546,513,581
00615.jpg,1360,800,danger,881,530,926,572
00615.jpg,1360,800,peed limit 120,890,572,918,600
00615.jpg,1360,800,danger,375,531,421,574
00615.jpg,1360,800,peed limit 120,386,571,413,600
00616.jpg,1360,800,restriction ends,437,558,463,584
00616.jpg,1360,800,restriction ends,876,541,904,569
00619.jpg,1360,800,give way,841,415,880,450
00620.jpg,1360,800,no overtaking,863,425,892,454
00621.jpg,1360,800,speed limit 70,782,443,808,469
00622.jpg,1360,800,uneven road,814,424,860,465
00623.jpg,1360,800,speed limit 70,974,374,1034,434
00624.jpg,1360,800,keep right,387,505,434,554
00624.jpg,1360,800,speed limit 50,821,464,845,488
00625.jpg,1360,800,speed limit 50,1037,377,1102,443
00626.jpg,1360,800,speed limit 50,857,404,895,442
00626.jpg,1360,800,no overtaking,857,444,893,480
00628.jpg,1360,800,restriction ends,998,276,1085,363
00630.jpg,1360,800,speed limit 70,1219,315,1285,385
00631.jpg,1360,800,speed limit 70,799,478,834,512
00631.jpg,1360,800,priority road,794,434,839,479
00632.jpg,1360,800,speed limit 30,101,379,147,424
00633.jpg,1360,800,keep right,290,501,360,582
00634.jpg,1360,800,speed limit 50,525,371,570,416
00635.jpg,1360,800,no overtaking,826,423,864,461
00637.jpg,1360,800,priority at next intersection,868,401,916,445
00638.jpg,1360,800,speed limit 30,914,374,953,414
00639.jpg,1360,800,keep right,289,504,337,553
00640.jpg,1360,800,speed limit 70,1105,353,1176,424
00640.jpg,1360,800,priority road,1089,257,1187,355
00641.jpg,1360,800,no entry,26,425,68,467
00642.jpg,1360,800,priority road,860,327,934,401
00642.jpg,1360,800,keep right,434,496,457,518
00644.jpg,1360,800,keep right,76,514,130,571
00645.jpg,1360,800,speed limit 30,1034,311,1090,367
00646.jpg,1360,800,give way,1059,440,1090,469
00646.jpg,1360,800,give way,560,434,590,460
00647.jpg,1360,800,keep right,611,515,633,537
00648.jpg,1360,800,construction,346,378,414,439
00649.jpg,1360,800,priority road,819,304,866,350
00650.jpg,1360,800,priority road,1123,281,1193,350
00650.jpg,1360,800,keep right,487,515,508,537
00651.jpg,1360,800,construction,788,339,861,405
00651.jpg,1360,800,speed limit 30,800,404,851,456
00653.jpg,1360,800,go straight,786,418,808,441
00653.jpg,1360,800,priority road,780,380,811,411
00654.jpg,1360,800,priority road,1241,301,1297,360
00655.jpg,1360,800,priority road,935,322,984,370
00655.jpg,1360,800,keep right,544,520,564,540
00656.jpg,1360,800,no traffic both ways,574,465,599,490
00657.jpg,1360,800,no trucks,991,400,1026,435
00658.jpg,1360,800,slippery road,858,340,937,410
00659.jpg,1360,800,speed limit 50,993,430,1033,470
00660.jpg,1360,800,no overtaking,943,422,979,458
00661.jpg,1360,800,speed limit 50,1138,401,1169,430
00662.jpg,1360,800,uneven road,948,440,993,481
00663.jpg,1360,800,give way,830,307,896,367
00664.jpg,1360,800,priority road,842,393,886,438
00664.jpg,1360,800,speed limit 70,849,437,880,468
00665.jpg,1360,800,slippery road,693,413,742,455
00665.jpg,1360,800,speed limit 70,557,471,579,493
00667.jpg,1360,800,speed limit 70,737,444,764,471
00668.jpg,1360,800,speed limit 50,1083,254,1172,340
00668.jpg,1360,800,priority road,1070,139,1187,254
00669.jpg,1360,800,speed limit 70,899,393,949,444
00670.jpg,1360,800,speed limit 70,997,306,1064,373
00671.jpg,1360,800,traffic signal,839,348,892,394
00671.jpg,1360,800,speed limit 50,846,393,883,430
00672.jpg,1360,800,give way,892,325,950,376
00672.jpg,1360,800,give way,123,265,194,328
00673.jpg,1360,800,priority at next intersection,414,406,474,459
00674.jpg,1360,800,speed limit 30,717,371,751,405
00675.jpg,1360,800,keep right,641,503,676,538
00675.jpg,1360,800,give way,1008,388,1043,422
00675.jpg,1360,800,roundabout,1012,421,1037,447
00678.jpg,1360,800,give way,698,403,742,445
00679.jpg,1360,800,go right,720,409,759,450
00679.jpg,1360,800,stop,705,343,768,406
00680.jpg,1360,800,speed limit 30,900,394,953,448
00680.jpg,1360,800,go straight,367,439,395,467
00681.jpg,1360,800,speed limit 30,820,434,846,460
00682.jpg,1360,800,go straight,278,426,319,467
00682.jpg,1360,800,go straight,885,421,930,466
00682.jpg,1360,800,keep right,261,486,290,515
00683.jpg,1360,800,no overtaking (trucks),387,455,409,477
00683.jpg,1360,800,no overtaking (trucks),889,450,913,475
00685.jpg,1360,800,keep right,615,508,659,552
00686.jpg,1360,800,speed limit 80,377,437,412,474
00688.jpg,1360,800,stop,850,410,886,446
00688.jpg,1360,800,stop,401,428,434,461
00689.jpg,1360,800,construction,590,488,621,516
00689.jpg,1360,800,construction,890,485,922,514
00690.jpg,1360,800,speed limit 70,775,506,799,529
00691.jpg,1360,800,speed limit 70,885,492,907,514
00691.jpg,1360,800,speed limit 70,469,490,490,512
00692.jpg,1360,800,no traffic both ways,1050,357,1091,397
00693.jpg,1360,800,speed limit 60,984,383,1024,423
00694.jpg,1360,800,priority road,808,411,841,443
00695.jpg,1360,800,priority road,793,386,824,417
00696.jpg,1360,800,no overtaking,717,446,737,466
00697.jpg,1360,800,construction,944,322,1020,389
00698.jpg,1360,800,speed limit 30,737,413,765,442
00699.jpg,1360,800,speed limit 30,727,413,756,443
00700.jpg,1360,800,give way,848,348,913,406
00701.jpg,1360,800,speed limit 50,1042,396,1088,442
00701.jpg,1360,800,priority road,1032,333,1096,396
00702.jpg,1360,800,priority road,688,446,707,468
00703.jpg,1360,800,school crossing,994,311,1051,363
00703.jpg,1360,800,speed limit 30,1001,360,1042,401
00704.jpg,1360,800,speed limit 50,766,411,793,438
00705.jpg,1360,800,speed limit 30,955,343,991,378
00706.jpg,1360,800,speed limit 30,866,371,899,402
00707.jpg,1360,800,speed limit 70,907,383,943,419
00710.jpg,1360,800,speed limit 50,1084,201,1164,283
00712.jpg,1360,800,no overtaking,932,361,984,413
00714.jpg,1360,800,speed limit 30,784,313,828,357
00715.jpg,1360,800,keep right,285,346,351,412
00716.jpg,1360,800,speed limit 70,820,335,869,386
00716.jpg,1360,800,priority road,814,266,882,335
00717.jpg,1360,800,speed limit 70,835,435,859,459
00719.jpg,1360,800,speed limit 50,933,390,969,427
00720.jpg,1360,800,speed limit 50,737,429,756,448
00721.jpg,1360,800,give way,901,354,935,385
00722.jpg,1360,800,slippery road,104,364,164,418
00722.jpg,1360,800,slippery road,992,330,1049,381
00723.jpg,1360,800,slippery road,746,360,800,408
00723.jpg,1360,800,slippery road,180,366,236,414
00723.jpg,1360,800,speed limit 70,696,424,717,446
00725.jpg,1360,800,keep left,552,599,573,621
00728.jpg,1360,800,construction,498,563,532,596
00729.jpg,1360,800,speed limit 60,536,489,570,523
00730.jpg,1360,800,speed limit 60,466,443,512,490
00730.jpg,1360,800,speed limit 60,1053,517,1083,547
00732.jpg,1360,800,priority road,966,528,992,554
00733.jpg,1360,800,keep right,442,583,490,632
00733.jpg,1360,800,speed limit 70,508,426,543,462
00733.jpg,1360,800,speed limit 70,937,523,965,551
00734.jpg,1360,800,speed limit 60,1090,450,1166,528
00736.jpg,1360,800,construction,828,550,856,577
00737.jpg,1360,800,give way,603,444,638,476
00737.jpg,1360,800,give way,470,449,507,483
00738.jpg,1360,800,keep right,555,605,584,634
00740.jpg,1360,800,speed limit 80,1163,510,1213,560
00740.jpg,1360,800,speed limit 80,489,513,534,558
00740.jpg,1360,800,give way,1071,554,1094,577
00741.jpg,1360,800,no overtaking (trucks),438,558,465,585
00741.jpg,1360,800,no overtaking (trucks),972,555,1000,583
00742.jpg,1360,800,speed limit 100,334,562,368,596
00742.jpg,1360,800,speed limit 100,960,554,995,587
00744.jpg,1360,800,give way,1155,536,1183,564
00746.jpg,1360,800,peed limit 120,1135,492,1181,537
00746.jpg,1360,800,peed limit 120,235,469,281,515
00746.jpg,1360,800,no overtaking (trucks),236,515,280,561
00746.jpg,1360,800,no overtaking (trucks),1138,537,1182,579
00747.jpg,1360,800,restriction ends 80,298,489,345,538
00747.jpg,1360,800,restriction ends 80,1148,506,1196,553
00749.jpg,1360,800,speed limit 80,301,551,346,596
00749.jpg,1360,800,speed limit 80,1153,546,1200,593
00751.jpg,1360,800,give way,725,568,755,596
00752.jpg,1360,800,speed limit 30,934,448,979,494
00754.jpg,1360,800,keep right,728,593,767,632
00755.jpg,1360,800,priority road,1084,294,1208,418
00755.jpg,1360,800,speed limit 30,852,518,883,549
00755.jpg,1360,800,keep right,563,595,593,625
00756.jpg,1360,800,priority road,881,524,931,574
00758.jpg,1360,800,peed limit 120,982,521,1014,553
00758.jpg,1360,800,peed limit 120,374,515,406,547
00758.jpg,1360,800,no overtaking (trucks),376,548,407,579
00758.jpg,1360,800,no overtaking (trucks),982,553,1015,586
00760.jpg,1360,800,peed limit 120,591,538,616,563
00760.jpg,1360,800,no overtaking (trucks),591,563,616,587
00760.jpg,1360,800,peed limit 120,1023,542,1049,569
00760.jpg,1360,800,no overtaking (trucks),1024,568,1048,592
00761.jpg,1360,800,keep right,35,541,95,597
00762.jpg,1360,800,give way,334,378,401,438
00762.jpg,1360,800,give way,1154,405,1218,465
00763.jpg,1360,800,priority at next intersection,865,514,904,547
00764.jpg,1360,800,priority at next intersection,814,511,851,547
00766.jpg,1360,800,no traffic both ways,256,495,289,533
00770.jpg,1360,800,restriction ends (overtaking),1059,503,1095,539
00770.jpg,1360,800,no entry,468,535,497,564
00770.jpg,1360,800,keep right,526,578,555,607
00771.jpg,1360,800,danger,836,437,870,468
00771.jpg,1360,800,give way,867,478,917,523
00771.jpg,1360,800,give way,153,536,204,583
00772.jpg,1360,800,danger,842,553,864,573
00773.jpg,1360,800,speed limit 30,879,514,903,538
00773.jpg,1360,800,priority road,1048,430,1094,476
00774.jpg,1360,800,speed limit 30,929,516,961,548
00775.jpg,1360,800,speed limit 30,884,483,930,529
00776.jpg,1360,800,speed limit 30,861,505,893,537
00776.jpg,1360,800,priority road,1076,315,1188,427
00776.jpg,1360,800,keep right,646,604,667,625
00777.jpg,1360,800,speed limit 30,834,526,858,550
00777.jpg,1360,800,priority road,916,404,981,469
00778.jpg,1360,800,keep left,989,554,1033,599
00779.jpg,1360,800,road narrows,505,487,553,532
00780.jpg,1360,800,construction,365,468,466,558
00780.jpg,1360,800,speed limit 60,1165,572,1227,636
00780.jpg,1360,800,construction,1142,487,1237,575
00780.jpg,1360,800,speed limit 60,380,557,444,621
00782.jpg,1360,800,give way,1007,455,1052,497
00782.jpg,1360,800,give way,225,454,279,502
00783.jpg,1360,800,keep right,276,568,319,614
00784.jpg,1360,800,keep right,31,576,152,701
00785.jpg,1360,800,go left,510,435,542,467
00785.jpg,1360,800,go left,1003,469,1035,501
00785.jpg,1360,800,give way,504,397,548,435
00785.jpg,1360,800,give way,996,428,1040,470
00787.jpg,1360,800,priority at next intersection,1003,422,1090,497
00787.jpg,1360,800,danger,377,595,393,613
00788.jpg,1360,800,danger,959,501,1042,586
00789.jpg,1360,800,stop,759,516,787,545
00791.jpg,1360,800,snow,906,469,961,519
00791.jpg,1360,800,speed limit 70,985,412,1062,489
00794.jpg,1360,800,priority road,1032,518,1062,551
00795.jpg,1360,800,keep right,168,612,216,663
00797.jpg,1360,800,go left or straight,832,456,866,489
00797.jpg,1360,800,go left,396,494,423,522
00797.jpg,1360,800,give way,391,466,428,500
00797.jpg,1360,800,give way,822,417,868,457
00798.jpg,1360,800,speed limit 50,786,545,806,565
00798.jpg,1360,800,give way,1090,445,1162,509
00801.jpg,1360,800,keep right,503,446,535,480
00802.jpg,1360,800,school crossing,596,181,698,269
00802.jpg,1360,800,speed limit 30,610,267,683,336
00803.jpg,1360,800,speed limit 30,771,232,835,295
00803.jpg,1360,800,no overtaking,772,322,837,387
00805.jpg,1360,800,school crossing,870,369,914,412
00806.jpg,1360,800,speed limit 30,807,407,832,432
00807.jpg,1360,800,priority at next intersection,823,370,867,408
00808.jpg,1360,800,keep right,272,463,315,507
00808.jpg,1360,800,school crossing,795,264,866,326
00809.jpg,1360,800,stop,689,359,720,392
00810.jpg,1360,800,priority at next intersection,622,319,692,385
00810.jpg,1360,800,danger,460,385,492,415
00811.jpg,1360,800,priority at next intersection,702,356,737,389
00813.jpg,1360,800,go right,928,250,1010,333
00813.jpg,1360,800,give way,913,147,1022,250
00816.jpg,1360,800,danger,954,363,1006,410
00817.jpg,1360,800,priority at next intersection,707,407,751,447
00818.jpg,1360,800,construction,718,430,745,455
00820.jpg,1360,800,priority at next intersection,1057,254,1169,356
00821.jpg,1360,800,speed limit 80,859,444,882,466
00821.jpg,1360,800,speed limit 80,333,442,356,466
00822.jpg,1360,800,priority at next intersection,785,407,818,436
00823.jpg,1360,800,give way,1062,379,1094,408
00823.jpg,1360,800,roundabout,1068,408,1090,430
00823.jpg,1360,800,keep right,805,479,834,508
00824.jpg,1360,800,no traffic both ways,232,416,267,451
00825.jpg,1360,800,speed limit 30,1083,378,1108,404
00827.jpg,1360,800,stop,921,442,960,485
00827.jpg,1360,800,keep right,539,473,570,510
00828.jpg,1360,800,danger,860,384,932,450
00829.jpg,1360,800,speed limit 30,553,399,576,422
00829.jpg,1360,800,priority road,1004,253,1114,373
00831.jpg,1360,800,speed limit 30,975,371,1014,410
00833.jpg,1360,800,speed limit 30,776,332,822,378
00834.jpg,1360,800,speed limit 30,1130,264,1187,325
00835.jpg,1360,800,priority at next intersection,765,415,793,440
00836.jpg,1360,800,give way,57,363,92,395
00837.jpg,1360,800,danger,1201,368,1262,422
00838.jpg,1360,800,speed limit 50,1068,382,1097,411
00838.jpg,1360,800,speed limit 50,443,419,470,446
00839.jpg,1360,800,speed limit 50,1234,297,1279,342
00839.jpg,1360,800,no overtaking,1234,343,1280,388
00839.jpg,1360,800,speed limit 50,303,365,346,409
00839.jpg,1360,800,no overtaking,305,409,348,454
00841.jpg,1360,800,keep right,593,482,623,512
00842.jpg,1360,800,stop,1025,227,1086,288
00844.jpg,1360,800,priority road,977,332,1013,370
00845.jpg,1360,800,uneven road,958,414,991,444
00846.jpg,1360,800,speed limit 50,374,383,409,418
00846.jpg,1360,800,speed limit 50,1091,348,1128,385
00848.jpg,1360,800,speed limit 30,982,241,1054,313
00849.jpg,1360,800,stop,398,359,441,412
00849.jpg,1360,800,go right,400,412,435,447
00850.jpg,1360,800,speed limit 30,973,373,1005,405
00851.jpg,1360,800,speed limit 30,1092,312,1147,367
00852.jpg,1360,800,cycles crossing,1091,278,1143,328
00853.jpg,1360,800,roundabout,943,415,971,444
00853.jpg,1360,800,keep right,683,484,705,506
00853.jpg,1360,800,give way,935,383,972,417
00854.jpg,1360,800,speed limit 50,1182,254,1255,327
00855.jpg,1360,800,slippery road,1151,290,1259,387
00855.jpg,1360,800,priority road,917,410,950,443
00857.jpg,1360,800,stop,852,433,875,456
00857.jpg,1360,800,give way,1129,262,1224,349
00858.jpg,1360,800,danger,811,434,839,460
00859.jpg,1360,800,school crossing,892,386,931,423
00860.jpg,1360,800,speed limit 50,1077,144,1168,231
00862.jpg,1360,800,speed limit 100,285,425,362,501
00863.jpg,1360,800,restriction ends (overtaking (trucks)),420,413,455,448
00863.jpg,1360,800,restriction ends (overtaking (trucks)),1222,378,1257,414
00864.jpg,1360,800,uneven road,910,443,931,462
00865.jpg,1360,800,stop,342,186,429,273
00865.jpg,1360,800,keep right,573,490,597,514
00866.jpg,1360,800,no overtaking (trucks),1004,398,1032,426
00867.jpg,1360,800,traffic signal,119,424,180,482
00867.jpg,1360,800,traffic signal,1101,389,1171,452
00868.jpg,1360,800,traffic signal,590,470,610,488
00868.jpg,1360,800,traffic signal,876,450,896,469
00869.jpg,1360,800,traffic signal,60,405,129,475
00869.jpg,1360,800,traffic signal,1233,317,1310,391
00870.jpg,1360,800,speed limit 80,569,456,590,477
00870.jpg,1360,800,speed limit 80,1030,441,1050,461
00871.jpg,1360,800,speed limit 80,375,407,411,443
00871.jpg,1360,800,speed limit 80,1273,381,1313,421
00872.jpg,1360,800,no overtaking (trucks),937,406,970,439
00872.jpg,1360,800,no overtaking (trucks),318,416,351,449
00874.jpg,1360,800,animals,1233,387,1298,450
00876.jpg,1360,800,speed limit 60,466,469,491,494
00876.jpg,1360,800,speed limit 60,776,477,796,497
00879.jpg,1360,800,restriction ends,301,535,341,575
00879.jpg,1360,800,restriction ends,988,506,1029,547
00881.jpg,1360,800,speed limit 80,1131,561,1168,598
00881.jpg,1360,800,speed limit 80,478,546,513,581
00882.jpg,1360,800,speed limit 80,244,546,317,617
00884.jpg,1360,800,speed limit 70,855,477,890,512
00884.jpg,1360,800,no overtaking (trucks),854,512,889,545
00885.jpg,1360,800,keep right,202,532,281,611
00885.jpg,1360,800,no entry,230,403,296,469
00886.jpg,1360,800,speed limit 70,815,517,838,540
00886.jpg,1360,800,no overtaking (trucks),815,540,840,565
00887.jpg,1360,800,go right or straight,852,523,879,550
00888.jpg,1360,800,go straight,989,315,1043,370
00888.jpg,1360,800,priority road,779,546,802,569
00889.jpg,1360,800,speed limit 70,689,530,713,554
00889.jpg,1360,800,priority road,687,500,717,530
00891.jpg,1360,800,speed limit 70,747,551,767,571
00891.jpg,1360,800,speed limit 70,473,556,493,576
00893.jpg,1360,800,priority road,821,482,849,510
00894.jpg,1360,800,speed limit 70,389,527,417,555
00894.jpg,1360,800,speed limit 70,1093,529,1132,568
00894.jpg,1360,800,priority road,1085,478,1134,527
00895.jpg,1360,800,speed limit 70,193,482,238,527
00895.jpg,1360,800,speed limit 70,966,418,1014,466
00896.jpg,1360,800,no traffic both ways,808,412,846,450
00897.jpg,1360,800,restriction ends (overtaking (trucks)),804,526,828,550
00898.jpg,1360,800,speed limit 70,323,504,355,536
00898.jpg,1360,800,speed limit 70,817,510,849,542
00899.jpg,1360,800,road narrows,864,484,921,534
